Name,Age,Gender,Email,Phone
John Doe,25,M,johndoe@example.com,123-456-7890
Jane Smith,30,F,janesmith@example.com,234-567-8901
Michael Johnson,35,M,michaeljohnson@example.com,345-678-9012
Emily Williams,28,F,emilywilliams@example.com,456-789-0123
Chris Brown,40,M,chrisbrown@example.com,567-890-1234
Sarah Lee,32,F,sarahlee@example.com,678-901-2345
David Garcia,29,M,davidgarcia@example.com,789-012-3456
Emma Martinez,31,F,emnamartinez@example.com,890-123-4567
Daniel Davis,33,M,,901-234-5678
Olivia Rodriguez,27,F,oliviarodriguez@example.com,012-345-6789
Thomas Wilson,38,M,thomaswilson@example.com,123-456-7890
Sophia Anderson,26,F,sophiaanderson@example.com,234-567-8901
James Taylor,29,M,jamestaylor@example.com,345-678-9012
Lily Thomas,33,F,lilythomas@example.com,456-789-0123
Benjamin Hernandez,36,M,,567-890-1234
Ava Lopez,24,F,avalopez@example.com,678-901-2345
Andrew King,27,M,andrewking@example.com,789-012-3456
Mia Scott,31,F,miascott@example.com,890-123-4567
William Green,34,M,williamgreen@example.com,901-234-5678
Nora Baker,28,F,,012-345-6789
Jacob Adams,30,M,jacobadams@example.com,123-456-7890
Chloe Campbell,29,F,chloecampbell@example.com,234-567-8901
Ryan Hill,32,M,ryanhill@example.com,345-678-9012
Grace Mitchell,26,F,gracemitchell@example.com,456-789-0123
Joseph Young,37,M,josephyoung@example.com,567-890-1234
Harper Perez,25,F,harperperez@example.com,678-901-2345
Henry Evans,39,M,henryevans@example.com,789-012-3456
Evelyn Turner,33,F,evelynturner@example.com,890-123-4567
Michaela Collins,28,F,michaelacollins@example.com,901-234-5678